f1ScoresKfoldMean,f1ScoresKfoldStd,f1ScoreTest
0.997142364579604,0.00028037396689742475,0.9972957955176884
