TP,TN,FP,FN,accuracy,precision,recall,fScore
40376.36666666667,30086.8,197.2,78.63333333333334,0.9961006893886918,0.9951398404120305,0.9980562765212374,0.996595874230744
