TP,TN,FP,FN,accuracy,precision,recall,fScore
8.908539103888877,17.955276495308798,17.955276495308794,8.908539103888877,0.0002615328843172533,0.0004401042242776025,0.00022020860471855217,0.00022776116587756352
