TP,TN,FP,FN,accuracy,precision,recall,fScore
11.305781249218139,19.365332219046053,19.365332219046046,11.305781249218136,0.00033336069246241574,0.0004736673735884311,0.00027946560991764293,0.0002902233095507914
