TP,TN,FP,FN,accuracy,precision,recall,fScore
40339.2,30000.133333333335,283.8666666666667,115.8,0.9943501227517118,0.9930123825412289,0.997137560252132,0.9950706305394112
