TP,TN,FP,FN,accuracy,precision,recall,fScore
13.174383014626985,21.45457644827118,21.454576448271187,13.174383014626985,0.00038067572333119737,0.0005243095112037289,0.0003256552469318204,0.00033136186515437616
