TP,TN,FP,FN,accuracy,precision,recall,fScore
9.473556663791534,19.821502314985825,19.821502314985825,9.473556663791534,0.0003118539453560507,0.0004850674169592533,0.0002341751739906402,0.00027140460825954944
