TP,TN,FP,FN,accuracy,precision,recall,fScore
0.0,5.781063021207468,5.781063021207467,0.0,8.172384428968598e-05,0.00014264020748125305,0.0,7.138527468141719e-05
