TP,TN,FP,FN,accuracy,precision,recall,fScore
40455.0,30248.4,35.6,0.0,0.9994967415428547,0.9991208032759444,1.0,0.9995602033826013
