f1ScoresKfoldMean,f1ScoresKfoldStd,f1ScoreTest
0.9723610484087409,0.000783848586512013,0.9726416504709224
