f1ScoresKfoldMean,f1ScoresKfoldStd,f1ScoreTest
0.9997086094104812,0.00010088793804859145,0.9995673403795043
