TP,TN,FP,FN,accuracy,precision,recall,fScore
40319.03333333333,29981.7,302.3,135.96666666666667,0.9938044548740202,0.9925583462601147,0.9966390639805546,0.9945944431447896
