f1ScoresKfoldMean,f1ScoresKfoldStd,f1ScoreTest
0.999449469904129,0.00023240787909090558,0.9995552590615966
