TP,TN,FP,FN,accuracy,precision,recall,fScore
6.925631221491074,11.193388853380755,11.193388853380753,6.9256312214910745,0.0001895910425206971,0.000275152900403648,0.00017119345498680096,0.0001654029390099646
