TP,TN,FP,FN,accuracy,precision,recall,fScore
40390.63333333333,30138.533333333333,145.46666666666667,64.36666666666666,0.9970336966407027,0.996411500562456,0.9984089317348493,0.9974091916816143
