TP,TN,FP,FN,accuracy,precision,recall,fScore
9.85113331481241,20.569366800529195,20.569366800529192,9.851133314812408,0.00032288414359538857,0.0005038811933275455,0.00024350842454114936,0.00028112714122035105
