TP,TN,FP,FN,accuracy,precision,recall,fScore
40363.7,30051.933333333334,232.06666666666666,91.3,0.9954287356809302,0.994283722197323,0.9977431714250401,0.9960103671409989
