f1ScoresKfoldMean,f1ScoresKfoldStd,f1ScoreTest
0.9989206217413326,0.00016227036990803457,0.9989382191713171
