TP,TN,FP,FN,accuracy,precision,recall,fScore
40330.8,29992.766666666666,291.23333333333335,124.2,0.9941272376859537,0.9928309006617336,0.9969299221357063,0.9948761069239903
