TP,TN,FP,FN,accuracy,precision,recall,fScore
9.202448449802063,20.307096319255987,20.30709631925599,9.202448449802063,0.0003293500885519067,0.0004969839980112076,0.0002274736979310751,0.000286618655446073
