TP,TN,FP,FN,accuracy,precision,recall,fScore
40353.066666666666,30018.966666666667,265.03333333333336,101.93333333333334,0.9948123854356626,0.9934752208591943,0.9974803279363902,0.9954736801321675
