TP,TN,FP,FN,accuracy,precision,recall,fScore
40346.333333333336,30009.2,274.8,108.66666666666667,0.9945791336226598,0.9932352380769692,0.9973138878589379,0.9952703206916488
