TP,TN,FP,FN,accuracy,precision,recall,fScore
0.4301830671520764,0.44977644510880366,0.4497764451088036,0.4301830671520762,0.0190783823824113,0.02155575587174656,0.021509153357603835,0.014302168499392056
