TP,TN,FP,FN,accuracy,precision,recall,fScore
40444.96666666667,30104.033333333333,179.96666666666667,10.033333333333333,0.9973140700320897,0.9955701744813036,0.9997519878053807,0.9976566645972564
