TP,TN,FP,FN,accuracy,precision,recall,fScore
9.331013669047646,15.735748889183768,15.735748889183771,9.331013669047646,0.00025432333836673685,0.0003859517139039541,0.00023065167887894688,0.0002216711250423067
