TP,TN,FP,FN,accuracy,precision,recall,fScore
20.0,9.433333333333334,0.5666666666666667,0.0,0.981111111111111,0.9731601731601732,1.0,0.986217576461479
