TP,TN,FP,FN,accuracy,precision,recall,fScore
0.0,0.5683207771559354,0.5683207771559353,0.0,0.018944025905197847,0.026695459453995485,0.0,0.01376173819038043
