f1ScoresKfoldMean,f1ScoresKfoldStd,f1ScoreTest
0.9992801519028255,0.00011437518692844968,0.9993453799883898
