TP,TN,FP,FN,accuracy,precision,recall,fScore
12.044410159570042,21.644993581113315,21.64499358111332,12.044410159570042,0.000356491866838424,0.0005287764768252791,0.0002977236474989532,0.0003101360518310151
