TP,TN,FP,FN,accuracy,precision,recall,fScore
40312.03333333333,29969.666666666668,314.3333333333333,142.96666666666667,0.9935353906614457,0.9922630895537714,0.9964660322168666,0.9943600336019521
