TP,TN,FP,FN,accuracy,precision,recall,fScore
40363.46666666667,30041.133333333335,242.86666666666667,91.53333333333333,0.995272763256478,0.9940191835452298,0.9977374036995836,0.9958747660618541
