TP,TN,FP,FN,accuracy,precision,recall,fScore
40365.2,30063.333333333332,220.66666666666666,89.8,0.995611096189278,0.9945632336421493,0.9977802496601164,0.9961690621415745
