TP,TN,FP,FN,accuracy,precision,recall,fScore
40310.76666666667,29961.666666666668,322.3333333333333,144.23333333333332,0.9934043926735369,0.9920674629726549,0.9964347217072466,0.9942462175682025
