TP,TN,FP,FN,accuracy,precision,recall,fScore
9.08858068405484,18.406770368598043,18.40677036859804,9.088580684054838,0.0003007655816478385,0.0004508234233946294,0.0002246590207404366,0.0002618739472472535
