TP,TN,FP,FN,accuracy,precision,recall,fScore
11.946432161080997,20.51859263395423,20.51859263395423,11.946432161080994,0.00033518203466470026,0.0005015065834130132,0.0002953017466587785,0.0002917089906274307
