TP,TN,FP,FN,accuracy,precision,recall,fScore
12.189547057674634,20.236787941936257,20.236787941936253,12.189547057674634,0.00034556094961160313,0.0004946923247418731,0.00030131126084970036,0.00030079529523396994
