TP,TN,FP,FN,accuracy,precision,recall,fScore
40324.96666666667,29984.7,299.3,130.03333333333333,0.9939307407040907,0.9926327085094669,0.9967857289992996,0.9947048083626959
