TP,TN,FP,FN,accuracy,precision,recall,fScore
12.817911318725557,19.513744051220716,19.513744051220712,12.817911318725551,0.0003613222771298296,0.0004776270766842625,0.0003168436860394402,0.00031478228965489506
