TP,TN,FP,FN,accuracy,precision,recall,fScore
10.025771389475375,20.82132527498902,20.821325274989018,10.025771389475375,0.00032981947804363064,0.0005088814750148958,0.0002478252722648687,0.00028683062529600477
