TP,TN,FP,FN,accuracy,precision,recall,fScore
40367.5,30075.566666666666,208.43333333333334,87.5,0.9958165462710339,0.9948633344181838,0.9978371029538994,0.9963479323068191
