TP,TN,FP,FN,accuracy,precision,recall,fScore
12.943733228286865,21.452969143162235,21.452969143162242,12.943733228286863,0.00036081206676259563,0.0005239698033799184,0.00031995385559971016,0.00031398482656975313
