TP,TN,FP,FN,accuracy,precision,recall,fScore
40311.666666666664,29965.333333333332,318.6666666666667,143.33333333333334,0.9934689492359237,0.9921571868579261,0.9964569686482923,0.9943023413391207
