TP,TN,FP,FN,accuracy,precision,recall,fScore
40359.1,30029.266666666666,254.73333333333332,95.9,0.9950432811697459,0.9937281443431698,0.9976294648374736,0.9956749131753164
