TP,TN,FP,FN,accuracy,precision,recall,fScore
8.815086336867996,11.937769675596284,11.937769675596284,8.815086336867992,0.0001945015126985451,0.00029279652081608216,0.0002178985622758163,0.00016963372979432475
