TP,TN,FP,FN,accuracy,precision,recall,fScore
13.15932430225633,22.284059557110048,22.284059557110048,13.15932430225633,0.0003937919175660789,0.0005444956217154263,0.00032528301328034833,0.00034272091659994506
