TP,TN,FP,FN,accuracy,precision,recall,fScore
40309.066666666666,29957.8,326.2,145.93333333333334,0.9933256996376352,0.9919727471866032,0.9963926997074941,0.9941777288894776
