TP,TN,FP,FN,accuracy,precision,recall,fScore
13.340974821781286,21.93200044861756,21.93200044861756,13.340974821781288,0.0003638679637059705,0.0005356651412770334,0.00032977320039009157,0.0003166408803373932
