TP,TN,FP,FN,accuracy,precision,recall,fScore
10.104283830343345,21.247853170798596,21.2478531707986,10.104283830343343,0.00032981529934918044,0.0005207792873586121,0.00024976600742413233,0.00028721791692293676
