TP,TN,FP,FN,accuracy,precision,recall,fScore
40312.46666666667,29967.766666666666,316.23333333333335,142.53333333333333,0.9935146571669565,0.9922167814415853,0.9964767437069995,0.994342104540666
