TP,TN,FP,FN,accuracy,precision,recall,fScore
40385.53333333333,30102.2,181.8,69.46666666666667,0.9964479754213846,0.9955186538568623,0.9982828657355909,0.9968988068777944
