TP,TN,FP,FN,accuracy,precision,recall,fScore
40313.9,29975.366666666665,308.6333333333333,141.1,0.9936423566443779,0.9924026355277119,0.9965121740205165,0.9944530925449758
