TP,TN,FP,FN,accuracy,precision,recall,fScore
9.546077006126472,20.222014861468956,20.222014861468953,9.546077006126474,0.0003293385806364587,0.0004942990222141043,0.00023596779152456127,0.00028642786121610046
